"","cat_FCS","cat_HDDS","cat_rCSI"
"1","0","1","0"
"2","1","1","1"
"3","1","1","0"
"4","1","1","0"
"5","0","1","0"
"6","0","1","0"
"7","1","1","0"
"8","1","1","0"
"9","1","1","0"
"10","1","1","0"
"11","1","1","0"
"12","1","1","0"
"13","1","1","0"
"14","1","1","0"
"15","1","1","1"
"16","1","1","1"
"17","1","1","1"
"18","1","1","1"
"19","1","1","0"
"20","0","1","0"
"21","1","1","0"
"22","1","1","0"
"23","0","1","0"
"24","0","1","0"
"25","0","1","0"
"26","0","1","0"
"27","0","1","1"
"28","0","1","1"
"29","0","1","1"
"30","0","1","1"
"31","1","1","0"
"32","1","1","0"
"33","1","1","0"
"34","1","1","0"
"35","1","1","0"
"36","1","1","1"
"37","1","1","1"
"38","1","1","1"
"39","1","1","0"
"40","0","1","0"
"41","1","1","1"
"42","1","1","1"
"43","0","1","0"
"44","0","1","0"
"45","1","1","1"
"46","1","1","1"
"47","1","1","0"
"48","1","1","0"
"49","1","1","0"
"50","1","1","0"
"51","1","1","0"
"52","0","1","1"
"53","0","1","1"
"54","0","1","1"
"55","1","1","0"
"56","1","1","0"
"57","1","1","0"
"58","0","1","0"
"59","1","1","1"
"60","0","0","0"
"61","0","1","0"
"62","1","1","0"
"63","2","1","0"
"64","1","1","0"
"65","1","1","0"
"66","0","1","0"
"67","0","1","0"
"68","0","1","0"
"69","0","1","0"
"70","0","1","0"
"71","0","1","0"
"72","0","0","0"
"73","0","0","0"
"74","0","0","0"
"75","0","0","0"
"76","0","0","0"
"77","0","0","0"
"78","0","1","0"
"79","1","1","1"
"80","1","1","1"
"81","0","1","1"
"82","0","1","1"
"83","1","1","0"
"84","0","1","1"
"85","1","1","0"
"86","1","1","0"
"87","1","1","0"
"88","0","1","0"
"89","0","1","0"
"90","0","1","0"
"91","1","1","0"
"92","1","1","0"
"93","1","1","0"
"94","1","1","0"
"95","1","1","0"
"96","0","0","0"
"97","0","0","0"
"98","0","0","0"
"99","1","1","0"
"100","1","1","0"
"101","1","1","0"
"102","1","1","0"
"103","0","1","0"
"104","0","1","0"
"105","0","1","0"
"106","1","1","0"
"107","0","1","0"
"108","0","1","0"
"109","0","1","0"
"110","0","1","0"
"111","0","1","0"
"112","0","0","0"
"113","0","0","0"
"114","0","0","0"
"115","0","0","0"
"116","0","0","0"
"117","1","1","0"
"118","1","1","1"
"119","0","1","0"
"120","0","1","0"
"121","1","1","0"
"122","1","1","0"
"123","1","1","0"
"124","0","1","0"
"125","0","1","0"
"126","0","1","0"
"127","0","1","1"
"128","0","1","1"
"129","0","1","1"
"130","1","1","0"
"131","0","1","0"
"132","0","1","0"
"133","0","0","0"
"134","0","0","0"
"135","0","1","0"
"136","0","1","0"
"137","0","1","0"
"138","0","1","0"
"139","0","1","0"
"140","0","1","0"
"141","0","1","0"
"142","0","1","0"
"143","0","1","0"
"144","0","1","0"
"145","0","1","0"
"146","1","1","1"
"147","1","1","1"
"148","0","1","0"
"149","0","1","0"
"150","0","1","0"
"151","0","1","0"
"152","0","1","0"
"153","0","1","0"
"154","0","1","0"
"155","0","1","1"
"156","0","1","1"
"157","0","1","1"
"158","0","1","1"
"159","0","1","1"
"160","0","1","1"
"161","0","1","0"
"162","0","1","0"
"163","0","1","0"
"164","0","1","1"
"165","0","1","1"
"166","0","1","0"
"167","0","1","1"
"168","0","1","1"
"169","0","1","1"
"170","0","1","1"
"171","0","1","1"
"172","0","1","1"
"173","0","1","0"
"174","0","1","0"
"175","0","1","0"
"176","0","1","0"
"177","0","1","0"
"178","0","1","0"
"179","0","1","0"
"180","1","1","0"
"181","0","1","0"
"182","0","1","0"
"183","0","1","0"
"184","0","1","0"
"185","0","1","1"
"186","0","1","1"
"187","0","0","0"
"188","0","1","0"
"189","0","1","0"
"190","0","1","0"
"191","0","1","0"
"192","0","1","0"
"193","0","1","0"
"194","0","1","0"
"195","0","1","0"
"196","0","1","0"
"197","0","1","0"
"198","0","1","0"
"199","0","1","0"
"200","0","1","0"
"201","0","1","0"
"202","0","1","0"
"203","0","1","0"
"204","0","1","0"
"205","0","1","0"
"206","0","1","0"
"207","0","1","0"
"208","0","1","0"
"209","0","1","0"
"210","1","1","1"
"211","1","1","1"
"212","1","1","1"
"213","0","1","0"
"214","0","1","0"
"215","0","1","0"
"216","1","1","0"
"217","1","1","0"
"218","1","1","0"
"219","1","1","0"
"220","1","1","0"
"221","1","1","0"
"222","1","1","0"
"223","1","1","0"
"224","0","1","1"
"225","0","1","1"
"226","0","1","1"
"227","0","1","1"
"228","0","1","1"
"229","0","1","1"
"230","0","1","1"
"231","0","1","1"
"232","0","1","0"
"233","0","1","0"
"234","0","1","0"
"235","0","1","0"
"236","0","1","0"
"237","0","1","0"
"238","0","1","0"
"239","1","1","0"
"240","1","1","0"
"241","1","1","0"
"242","1","1","0"
"243","1","1","0"
"244","1","1","0"
"245","0","1","0"
"246","0","1","0"
"247","0","1","0"
"248","0","1","0"
"249","0","1","0"
"250","0","0","0"
"251","0","0","0"
"252","0","0","0"
"253","0","0","0"
"254","0","1","0"
"255","0","1","0"
"256","0","0","0"
"257","0","0","0"
"258","0","1","1"
"259","0","1","0"
"260","0","0","0"
"261","0","0","0"
"262","0","0","0"
"263","1","1","1"
"264","1","1","0"
"265","1","1","0"
"266","1","1","0"
"267","0","1","0"
"268","0","1","0"
"269","1","1","0"
"270","0","1","0"
"271","0","1","1"
"272","0","1","0"
"273","0","1","0"
"274","0","1","0"
"275","0","1","0"
"276","0","1","0"
"277","0","1","0"
"278","0","1","0"
"279","1","1","1"
"280","1","1","1"
"281","0","1","1"
"282","0","1","1"
"283","1","1","0"
"284","1","1","0"
"285","1","1","1"
"286","0","1","0"
"287","0","1","0"
"288","0","1","0"
"289","0","1","0"
"290","0","1","0"
"291","1","1","0"
"292","0","1","1"
"293","0","1","0"
"294","0","1","0"
"295","0","1","0"
"296","0","1","0"
"297","0","1","1"
"298","0","1","1"
"299","1","1","0"
"300","0","1","0"
"301","1","1","0"
"302","1","1","1"
"303","1","1","0"
"304","1","1","0"
"305","1","1","1"
"306","1","1","1"
"307","0","1","1"
"308","0","1","1"
"309","0","1","1"
"310","0","1","1"
"311","0","1","0"
"312","0","1","0"
"313","0","1","0"
"314","0","1","0"
"315","1","1","1"
"316","1","1","0"
"317","1","1","0"
"318","1","1","0"
"319","1","1","0"
"320","1","1","0"
"321","1","1","0"
"322","1","1","1"
"323","0","1","0"
"324","0","1","0"
"325","0","1","0"
"326","0","1","0"
"327","0","1","0"
"328","0","1","0"
"329","0","0","0"
"330","0","0","0"
"331","0","0","0"
"332","0","0","0"
"333","0","0","0"
"334","0","0","0"
"335","0","0","0"
"336","0","0","0"
"337","0","1","0"
"338","0","1","0"
"339","0","1","0"
"340","0","1","0"
"341","0","0","0"
"342","0","0","0"
"343","0","0","0"
"344","0","0","0"
"345","0","0","0"
"346","0","0","0"
"347","0","0","0"
"348","0","0","0"
"349","0","0","0"
"350","0","0","0"
"351","0","0","0"
"352","0","0","0"
"353","0","0","0"
"354","0","0","0"
"355","0","0","0"
"356","0","0","0"
"357","0","0","0"
"358","0","0","0"
"359","0","0","0"
"360","0","0","0"
"361","0","0","0"
"362","0","0","0"
"363","0","0","0"
"364","0","0","0"
"365","0","0","0"
"366","0","0","0"
"367","0","0","0"
"368","0","0","0"
"369","0","0","0"
"370","0","0","0"
"371","0","0","0"
"372","0","0","0"
"373","0","0","0"
"374","0","1","1"
"375","0","1","1"
"376","0","1","1"
"377","0","1","1"
"378","0","1","1"
"379","0","1","1"
"380","0","1","1"
"381","0","1","1"
"382","1","1","0"
"383","0","1","0"
"384","0","0","0"
"385","0","0","0"
"386","0","0","0"
"387","0","0","0"
"388","0","0","0"
"389","0","0","0"
"390","0","0","0"
"391","0","0","0"
"392","0","0","0"
"393","0","0","0"
"394","0","0","0"
"395","0","0","0"
"396","0","0","0"
"397","0","0","0"
"398","0","0","0"
"399","0","0","0"
"400","0","0","0"
"401","0","0","0"
"402","0","0","0"
"403","0","1","0"
"404","0","1","0"
"405","0","1","0"
"406","0","1","0"
"407","0","1","0"
"408","0","1","0"
"409","0","1","0"
"410","0","1","0"
"411","0","0","0"
"412","0","1","0"
"413","0","1","0"
"414","0","1","0"
"415","0","1","0"
"416","0","1","0"
"417","0","1","0"
"418","0","1","0"
"419","0","1","0"
"420","0","1","0"
"421","0","1","0"
"422","0","0","0"
"423","0","1","0"
"424","0","0","0"
"425","0","0","0"
"426","0","0","0"
"427","0","0","0"
"428","0","0","0"
"429","0","0","0"
"430","0","0","0"
"431","0","0","0"
"432","0","0","0"
"433","0","0","0"
"434","0","0","0"
"435","0","0","0"
"436","0","0","0"
"437","0","0","0"
"438","0","0","0"
"439","0","1","0"
"440","0","1","0"
"441","0","1","0"
"442","0","1","0"
"443","0","1","0"
"444","0","1","0"
"445","0","1","0"
"446","0","1","0"
"447","0","1","0"
"448","0","1","0"
"449","0","1","0"
"450","0","1","0"
"451","0","1","0"
"452","0","1","0"
"453","0","1","0"
"454","0","1","0"
"455","0","1","0"
"456","0","1","0"
"457","0","1","0"
"458","0","1","0"
"459","0","1","0"
"460","0","1","0"
"461","0","1","1"
"462","0","1","1"
"463","0","1","1"
"464","0","1","1"
"465","0","1","1"
"466","0","1","1"
"467","0","1","0"
"468","0","1","0"
"469","0","1","0"
"470","0","1","1"
"471","0","1","1"
"472","0","1","1"
"473","0","1","0"
"474","1","1","0"
"475","0","1","0"
"476","1","1","0"
"477","1","1","0"
"478","0","1","0"
"479","0","1","0"
"480","0","1","0"
"481","0","1","0"
"482","0","1","0"
"483","0","1","0"
"484","0","1","0"
"485","0","1","0"
"486","0","1","0"
"487","0","1","0"
"488","0","0","0"
"489","0","1","1"
"490","0","1","0"
"491","0","1","0"
"492","1","1","0"
"493","0","1","0"
"494","0","1","0"
"495","0","1","0"
"496","0","1","0"
"497","0","1","0"
"498","0","1","0"
"499","1","1","0"
"500","0","1","0"
"501","0","1","0"
"502","0","1","0"
"503","0","1","0"
"504","0","1","0"
"505","0","1","0"
"506","0","1","0"
"507","0","1","0"
"508","0","1","1"
"509","0","1","1"
"510","0","1","1"
"511","0","1","1"
"512","0","1","1"
"513","0","1","1"
"514","0","1","1"
"515","1","1","1"
"516","1","1","1"
"517","1","1","1"
"518","1","1","1"
"519","1","1","1"
"520","1","1","1"
"521","1","1","1"
"522","0","1","0"
"523","0","1","0"
"524","0","1","0"
"525","0","1","0"
"526","0","1","0"
"527","0","1","0"
"528","1","1","1"
"529","1","1","1"
"530","1","1","1"
"531","1","1","1"
"532","0","1","1"
"533","0","1","1"
"534","0","1","1"
"535","0","1","1"
"536","0","1","0"
"537","0","1","0"
"538","0","1","0"
"539","0","1","0"
"540","0","1","0"
"541","0","1","0"
"542","0","1","0"
"543","0","1","0"
"544","0","1","0"
"545","0","1","0"
"546","0","1","0"
"547","0","1","0"
"548","0","1","0"
"549","0","1","0"
"550","0","1","0"
"551","0","1","0"
"552","0","1","0"
"553","0","1","0"
"554","0","1","0"
"555","0","0","0"
"556","0","1","0"
"557","1","1","0"
"558","0","1","0"
"559","0","1","0"
"560","0","0","0"
"561","0","1","0"
"562","0","1","0"
"563","0","1","0"
"564","0","1","0"
"565","1","1","1"
"566","1","1","0"
"567","1","1","0"
"568","0","1","0"
"569","0","1","0"
"570","0","1","0"
"571","0","1","0"
"572","0","1","0"
"573","0","1","0"
"574","0","1","1"
"575","0","1","1"
"576","0","1","1"
"577","0","1","1"
"578","1","1","0"
"579","1","1","1"
"580","0","0","1"
"581","1","1","0"
"582","0","1","0"
"583","0","1","0"
"584","0","1","0"
"585","0","1","0"
"586","0","1","0"
"587","0","1","0"
"588","0","1","0"
"589","0","1","0"
"590","0","1","0"
"591","0","1","0"
"592","0","1","0"
"593","0","1","0"
"594","0","1","0"
"595","0","1","0"
"596","0","1","0"
"597","0","1","0"
"598","0","1","0"
"599","0","1","0"
"600","0","1","0"
"601","1","1","0"
"602","0","1","1"
"603","0","1","1"
"604","0","1","1"
"605","0","1","1"
"606","0","1","0"
"607","0","1","0"
"608","0","1","0"
"609","0","1","0"
"610","0","1","0"
"611","0","1","0"
"612","0","1","0"
"613","0","1","0"
"614","0","1","0"
"615","0","1","0"
"616","0","1","0"
"617","0","1","0"
"618","0","1","0"
"619","0","1","0"
"620","0","1","0"
"621","0","1","0"
"622","0","1","0"
"623","0","1","0"
"624","0","1","0"
"625","0","1","0"
"626","0","1","0"
"627","0","1","0"
"628","0","1","1"
"629","0","1","0"
"630","1","1","1"
"631","1","1","0"
"632","0","1","0"
"633","0","1","1"
"634","1","1","0"
"635","0","1","0"
"636","0","1","0"
"637","0","1","0"
"638","0","1","0"
"639","0","1","0"
"640","1","1","1"
"641","0","1","0"
"642","0","1","0"
"643","0","1","1"
"644","0","1","0"
"645","0","1","0"
"646","0","1","0"
"647","0","1","0"
"648","0","1","0"
"649","1","1","0"
"650","1","1","0"
"651","0","0","0"
"652","1","1","0"
"653","1","1","0"
"654","1","1","1"
"655","1","1","0"
"656","0","0","0"
"657","1","1","0"
"658","1","1","0"
"659","1","1","0"
"660","0","1","0"
"661","0","1","0"
"662","0","1","0"
"663","0","1","0"
"664","1","1","0"
"665","0","1","0"
"666","0","1","1"
"667","1","1","1"
"668","0","1","0"
"669","0","1","0"
"670","0","1","0"
"671","0","1","0"
"672","0","1","0"
"673","0","1","0"
"674","0","1","0"
"675","0","1","0"
"676","0","1","0"
"677","0","1","0"
"678","1","1","1"
"679","1","1","1"
"680","1","1","1"
"681","1","1","1"
"682","1","1","1"
"683","0","1","0"
"684","0","1","0"
"685","0","1","0"
"686","0","1","0"
"687","0","1","0"
"688","0","1","0"
"689","0","1","0"
"690","1","1","0"
"691","1","1","0"
"692","1","1","0"
"693","1","1","0"
"694","0","1","0"
"695","0","1","0"
"696","0","1","0"
"697","0","1","0"
"698","0","1","0"
"699","1","1","0"
"700","0","1","0"
"701","1","1","0"
"702","1","1","0"
"703","0","1","0"
"704","0","1","0"
"705","0","1","0"
"706","0","1","0"
"707","1","1","1"
"708","1","1","1"
"709","0","1","0"
"710","0","1","0"
"711","0","1","0"
"712","0","1","0"
"713","0","1","0"
"714","0","1","0"
"715","0","1","0"
"716","0","1","0"
"717","0","1","1"
"718","0","1","1"
"719","0","1","1"
"720","0","1","1"
"721","0","0","0"
"722","0","1","1"
"723","0","1","0"
"724","0","1","0"
"725","0","1","1"
"726","1","1","0"
"727","0","1","0"
"728","1","1","0"
"729","0","1","1"
"730","1","1","0"
"731","0","1","1"
"732","0","1","1"
"733","0","1","0"
"734","1","1","0"
"735","0","1","0"
"736","0","1","0"
"737","0","1","0"
"738","0","1","1"
"739","0","1","1"
"740","1","1","1"
"741","0","1","0"
"742","0","1","0"
"743","0","1","0"
"744","0","1","0"
"745","0","1","0"
"746","0","1","0"
"747","0","1","0"
"748","0","1","0"
"749","0","1","0"
"750","1","1","0"
"751","0","1","1"
"752","0","1","1"
"753","0","1","1"
"754","0","1","1"
"755","0","1","1"
"756","0","1","1"
"757","0","1","1"
"758","0","1","1"
"759","0","1","1"
"760","1","1","0"
"761","1","1","0"
"762","1","1","0"
"763","1","1","0"
"764","1","1","0"
"765","1","1","0"
"766","1","1","0"
"767","1","1","0"
"768","1","1","0"
"769","0","1","1"
"770","0","1","1"
"771","0","1","1"
"772","0","1","1"
"773","0","1","1"
"774","0","1","1"
"775","0","1","1"
"776","0","1","1"
"777","0","1","1"
"778","2","1","1"
"779","0","1","0"
"780","0","1","0"
"781","0","1","0"
"782","1","1","0"
"783","1","1","0"
"784","1","1","0"
"785","0","1","1"
"786","0","1","1"
"787","0","1","1"
"788","0","0","0"
"789","0","0","0"
"790","0","0","0"
"791","0","0","0"
"792","0","0","0"
"793","0","0","0"
"794","0","0","0"
"795","0","0","0"
"796","0","0","0"
"797","0","0","0"
"798","0","0","0"
"799","0","0","0"
"800","0","0","0"
"801","0","0","0"
"802","0","0","0"
"803","0","0","0"
"804","0","0","0"
"805","0","0","0"
"806","0","0","0"
"807","0","0","0"
"808","0","0","0"
"809","0","0","0"
"810","0","1","0"
"811","0","1","0"
"812","0","1","0"
"813","0","1","0"
"814","0","1","0"
"815","0","1","0"
"816","0","1","0"
"817","0","1","0"
"818","0","1","0"
"819","0","1","0"
"820","0","1","0"
"821","0","1","0"
"822","1","1","0"
"823","0","1","0"
"824","0","1","0"
"825","0","1","0"
"826","0","0","0"
"827","0","0","0"
"828","0","0","0"
"829","0","1","0"
"830","1","1","0"
"831","1","1","0"
"832","1","1","0"
"833","1","1","1"
"834","1","1","1"
"835","1","1","0"
"836","1","1","0"
"837","1","1","1"
"838","0","1","0"
"839","0","1","0"
"840","0","1","0"
"841","0","1","0"
"842","0","1","0"
"843","0","1","0"
"844","0","1","0"
"845","0","1","0"
"846","0","1","0"
"847","0","1","0"
"848","0","1","0"
"849","0","1","0"
"850","0","1","1"
"851","0","1","1"
"852","0","1","1"
"853","0","1","1"
"854","0","1","1"
"855","0","1","0"
"856","0","1","0"
"857","1","1","0"
"858","1","1","0"
"859","1","1","0"
"860","1","1","0"
"861","1","1","0"
"862","1","1","0"
"863","1","1","1"
"864","1","1","1"
"865","1","1","0"
"866","1","1","0"
"867","0","1","0"
"868","0","1","0"
"869","0","1","0"
"870","0","1","0"
"871","0","1","0"
"872","0","1","0"
"873","0","1","1"
"874","0","1","1"
"875","0","1","1"
"876","0","1","1"
"877","0","1","1"
"878","0","1","1"
"879","0","1","1"
"880","0","1","1"
"881","0","1","1"
"882","0","1","1"
"883","0","1","1"
"884","0","1","1"
"885","0","1","0"
"886","0","1","0"
"887","0","1","0"
"888","0","1","0"
"889","0","1","0"
"890","0","1","0"
"891","0","1","0"
"892","0","1","0"
"893","0","1","0"
"894","0","1","0"
"895","0","1","0"
"896","0","1","0"
"897","0","1","0"
"898","0","1","0"
"899","0","1","0"
"900","0","1","0"
"901","0","1","0"
"902","0","1","0"
"903","1","1","0"
"904","1","1","0"
"905","1","1","0"
"906","1","1","1"
"907","1","1","1"
"908","1","1","1"
"909","1","1","1"
"910","1","1","1"
"911","1","1","1"
"912","0","1","1"
"913","0","1","1"
"914","0","1","1"
"915","1","1","0"
"916","1","1","1"
"917","0","1","0"
"918","1","1","0"
"919","1","1","0"
"920","1","1","1"
"921","0","1","0"
"922","0","1","0"
"923","0","1","0"
"924","0","1","0"
"925","0","1","0"
"926","0","1","0"
"927","0","1","0"
"928","0","1","0"
"929","0","1","1"
"930","0","1","1"
"931","0","1","1"
"932","0","1","1"
"933","1","1","0"
"934","0","1","1"
"935","0","1","1"
"936","0","1","1"
"937","0","1","1"
"938","1","1","1"
"939","1","1","1"
"940","1","1","1"
"941","1","1","1"
"942","1","1","1"
"943","1","1","1"
"944","1","1","1"
"945","1","1","1"
"946","1","1","0"
"947","1","1","0"
"948","1","1","0"
"949","1","1","0"
"950","0","1","0"
"951","0","1","0"
"952","0","1","0"
"953","0","1","0"
"954","0","1","0"
"955","0","1","0"
"956","0","1","0"
"957","0","1","0"
"958","1","1","0"
"959","0","1","0"
"960","1","1","0"
"961","1","1","0"
"962","1","1","0"
"963","0","1","0"
"964","1","1","0"
"965","1","1","1"
"966","1","1","1"
"967","0","1","0"
"968","0","1","0"
"969","1","1","0"
"970","1","1","0"
"971","0","1","0"
"972","0","1","0"
"973","1","1","1"
"974","1","1","0"
"975","1","1","1"
"976","1","1","1"
"977","1","1","0"
"978","1","1","0"
"979","1","1","0"
"980","1","1","0"
"981","1","1","0"
"982","1","1","0"
"983","1","1","0"
"984","1","1","1"
"985","1","1","1"
"986","0","1","0"
"987","1","1","1"
"988","1","1","0"
"989","0","1","0"
"990","0","1","0"
"991","0","1","0"
"992","1","1","0"
"993","1","1","0"
"994","1","1","0"
"995","1","1","0"
"996","0","0","0"
"997","1","1","0"
"998","1","1","0"
"999","1","1","1"
"1000","0","1","0"
"1001","1","1","0"
"1002","0","1","0"
"1003","0","1","0"
"1004","1","1","1"
"1005","1","1","1"
"1006","0","1","0"
"1007","0","1","0"
"1008","0","1","0"
"1009","1","1","0"
"1010","1","1","0"
"1011","1","1","1"
"1012","0","1","1"
"1013","0","1","0"
"1014","0","1","1"
"1015","0","1","1"
"1016","0","1","1"
"1017","0","1","1"
"1018","0","1","1"
"1019","0","1","1"
"1020","0","1","1"
"1021","1","1","0"
"1022","1","1","0"
"1023","1","1","0"
"1024","1","1","0"
"1025","1","1","0"
"1026","1","1","0"
"1027","0","1","1"
"1028","0","1","1"
"1029","0","1","1"
"1030","0","1","1"
"1031","0","1","1"
"1032","0","1","1"
"1033","1","1","0"
"1034","1","1","1"
"1035","0","1","1"
"1036","1","1","0"
"1037","1","1","0"
"1038","0","1","0"
"1039","1","1","0"
"1040","0","1","0"
"1041","1","1","1"
"1042","1","1","1"
"1043","1","1","1"
"1044","1","1","1"
"1045","1","1","1"
"1046","1","1","1"
"1047","1","1","1"
"1048","1","1","1"
"1049","1","1","1"
"1050","1","1","1"
"1051","1","1","1"
"1052","1","1","1"
"1053","1","1","1"
"1054","1","1","1"
"1055","1","1","1"
"1056","1","1","0"
"1057","1","1","0"
"1058","1","1","0"
"1059","1","1","0"
"1060","1","1","0"
"1061","1","1","0"
"1062","1","1","0"
"1063","1","1","0"
"1064","1","1","0"
"1065","1","1","0"
"1066","1","1","0"
"1067","1","1","0"
"1068","1","1","0"
"1069","0","1","0"
"1070","1","1","1"
"1071","0","1","0"
"1072","1","1","0"
"1073","0","1","0"
"1074","0","1","0"
"1075","1","1","1"
"1076","0","0","0"
"1077","0","0","0"
"1078","0","0","0"
"1079","0","1","0"
"1080","0","1","0"
"1081","0","1","0"
"1082","0","1","0"
"1083","0","1","0"
"1084","0","1","0"
"1085","0","1","0"
"1086","0","1","1"
"1087","0","1","1"
"1088","1","1","0"
"1089","1","1","0"
"1090","1","1","0"
"1091","1","1","0"
"1092","1","1","0"
"1093","1","1","0"
"1094","1","1","0"
"1095","1","1","0"
"1096","1","1","0"
"1097","1","1","0"
"1098","1","1","0"
"1099","1","1","0"
"1100","0","1","0"
"1101","0","1","0"
"1102","0","1","0"
"1103","0","1","0"
"1104","1","1","0"
"1105","1","1","0"
"1106","1","1","0"
"1107","1","1","0"
"1108","1","1","1"
"1109","1","1","1"
"1110","1","1","1"
"1111","1","1","1"
"1112","0","0","0"
"1113","0","1","0"
"1114","1","1","1"
"1115","1","1","1"
"1116","1","1","1"
"1117","1","1","1"
"1118","1","1","0"
"1119","1","1","0"
"1120","1","1","0"
"1121","1","1","0"
"1122","0","1","0"
"1123","0","1","1"
"1124","0","1","1"
"1125","0","1","0"
"1126","0","1","1"
"1127","1","1","0"
"1128","0","1","0"
"1129","0","1","0"
"1130","0","1","0"
"1131","0","1","0"
"1132","0","1","0"
"1133","0","1","0"
"1134","0","1","0"
"1135","0","1","0"
"1136","0","1","0"
"1137","0","1","0"
"1138","0","1","0"
"1139","0","1","0"
"1140","0","1","0"
"1141","0","1","0"
"1142","0","1","0"
"1143","0","1","0"
"1144","0","1","0"
"1145","0","1","0"
"1146","1","1","1"
"1147","1","1","1"
"1148","1","1","1"
"1149","1","1","1"
"1150","1","1","1"
"1151","1","1","1"
"1152","1","1","1"
"1153","1","1","1"
"1154","1","1","1"
"1155","0","0","0"
"1156","0","1","0"
"1157","0","0","0"
"1158","0","0","0"
"1159","0","0","0"
"1160","0","0","0"
"1161","0","0","0"
"1162","0","0","0"
"1163","0","0","0"
"1164","0","0","0"
"1165","0","1","0"
"1166","0","1","0"
"1167","0","1","0"
"1168","0","1","0"
"1169","0","0","0"
"1170","0","0","0"
"1171","0","0","0"
"1172","0","0","0"
"1173","0","0","0"
"1174","0","0","0"
"1175","0","0","0"
"1176","0","0","0"
"1177","0","0","0"
"1178","0","0","0"
"1179","0","0","0"
"1180","0","0","0"
"1181","0","0","0"
"1182","0","0","0"
"1183","0","0","0"
"1184","0","0","0"
"1185","0","0","0"
"1186","0","0","0"
"1187","0","0","0"
"1188","0","0","0"
"1189","0","0","0"
"1190","0","1","0"
"1191","0","1","0"
"1192","0","1","0"
"1193","0","1","0"
"1194","0","1","0"
"1195","0","1","0"
"1196","0","1","0"
"1197","0","1","0"
"1198","0","1","0"
"1199","0","1","0"
"1200","0","1","0"
"1201","0","1","0"
"1202","0","0","0"
"1203","0","0","0"
"1204","0","0","0"
"1205","0","0","0"
"1206","0","0","0"
"1207","0","0","0"
"1208","0","0","0"
"1209","0","0","0"
"1210","0","0","0"
"1211","0","0","0"
"1212","0","0","0"
"1213","0","0","0"
"1214","0","0","0"
"1215","0","0","0"
"1216","0","0","0"
"1217","0","0","0"
"1218","0","0","0"
"1219","0","0","0"
"1220","0","0","0"
"1221","0","0","0"
"1222","0","0","0"
"1223","0","0","0"
"1224","0","0","0"
"1225","0","0","0"
"1226","0","1","0"
"1227","0","1","0"
"1228","0","1","0"
"1229","0","1","0"
"1230","0","1","0"
"1231","0","1","0"
"1232","0","1","0"
"1233","0","1","0"
"1234","0","1","0"
"1235","0","1","0"
"1236","0","1","0"
"1237","0","1","0"
"1238","0","1","0"
"1239","0","1","0"
"1240","0","1","0"
"1241","0","1","0"
"1242","0","1","0"
"1243","0","1","0"
"1244","0","1","0"
"1245","0","0","0"
"1246","0","0","0"
"1247","0","0","0"
"1248","0","0","0"
"1249","0","0","0"
"1250","0","0","0"
"1251","0","0","0"
"1252","0","1","1"
"1253","0","1","1"
"1254","0","1","1"
"1255","0","1","1"
"1256","0","1","1"
"1257","0","1","1"
"1258","0","1","1"
"1259","0","0","0"
"1260","0","0","0"
"1261","0","0","0"
"1262","0","0","0"
"1263","0","0","0"
"1264","0","0","0"
"1265","0","0","0"
"1266","0","0","0"
"1267","0","0","0"
"1268","0","0","0"
"1269","0","0","0"
"1270","0","0","0"
"1271","0","0","0"
"1272","0","0","0"
"1273","0","0","0"
"1274","0","0","0"
"1275","0","0","0"
"1276","0","0","0"
"1277","0","0","0"
"1278","0","0","0"
"1279","0","1","0"
"1280","0","0","0"
"1281","0","0","0"
"1282","0","0","0"
"1283","0","0","0"
"1284","0","0","0"
"1285","0","0","0"
"1286","0","0","0"
"1287","0","0","0"
"1288","0","0","0"
"1289","0","0","0"
"1290","0","0","0"
"1291","0","0","0"
"1292","0","0","0"
"1293","0","0","0"
"1294","0","0","0"
"1295","0","0","0"
"1296","0","0","0"
"1297","0","0","0"
"1298","0","0","0"
"1299","0","0","0"
"1300","0","0","0"
"1301","0","0","0"
"1302","0","0","0"
"1303","0","0","0"
"1304","0","0","0"
"1305","0","0","0"
"1306","0","0","0"
"1307","0","0","0"
"1308","0","0","0"
"1309","0","0","0"
"1310","0","1","0"
"1311","0","1","0"
"1312","0","1","0"
"1313","0","1","0"
"1314","0","1","0"
"1315","0","1","0"
"1316","0","1","0"
"1317","0","1","0"
"1318","0","1","0"
"1319","0","0","0"
"1320","0","0","0"
"1321","0","0","0"
"1322","0","0","0"
"1323","0","0","0"
"1324","0","0","0"
"1325","0","0","0"
"1326","0","0","0"
"1327","0","1","0"
"1328","0","1","0"
"1329","0","1","0"
"1330","0","1","0"
"1331","1","1","0"
"1332","0","1","0"
"1333","0","1","0"
"1334","0","1","0"
"1335","0","1","0"
"1336","0","0","0"
"1337","0","0","0"
"1338","0","0","0"
"1339","0","0","0"
"1340","0","1","0"
"1341","0","1","0"
"1342","0","1","0"
"1343","0","1","0"
"1344","0","0","0"
"1345","0","0","0"
"1346","0","0","0"
"1347","0","0","0"
"1348","0","0","0"
"1349","0","0","0"
"1350","0","0","0"
"1351","0","1","0"
"1352","0","1","0"
"1353","0","1","0"
"1354","0","1","0"
"1355","0","1","0"
"1356","0","1","0"
"1357","0","1","0"
"1358","0","1","1"
"1359","0","1","1"
"1360","0","1","1"
"1361","0","1","1"
"1362","0","1","1"
"1363","0","1","1"
"1364","0","1","1"
"1365","0","1","1"
"1366","0","1","0"
"1367","0","0","0"
"1368","0","0","0"
"1369","0","0","0"
"1370","0","1","1"
"1371","0","1","1"
"1372","0","1","1"
"1373","0","0","0"
"1374","0","0","0"
"1375","0","0","0"
"1376","0","0","0"
"1377","0","0","0"
"1378","0","0","0"
"1379","0","0","0"
"1380","0","0","0"
"1381","0","0","0"
"1382","0","0","0"
"1383","0","0","0"
"1384","0","0","0"
"1385","0","1","0"
"1386","0","1","0"
"1387","0","1","0"
"1388","0","1","0"
"1389","0","1","0"
"1390","0","1","0"
"1391","0","1","0"
"1392","0","1","0"
"1393","0","1","0"
"1394","0","1","0"
"1395","0","1","0"
"1396","0","1","0"
"1397","0","1","0"
"1398","0","1","0"
"1399","0","1","0"
"1400","0","1","0"
"1401","0","1","0"
"1402","0","1","1"
"1403","0","1","1"
"1404","0","1","1"
"1405","0","1","1"
"1406","0","1","1"
"1407","0","1","1"
"1408","0","1","1"
"1409","0","1","1"
"1410","0","1","0"
"1411","0","1","0"
"1412","0","1","0"
"1413","0","1","0"
"1414","0","1","0"
"1415","0","1","0"
"1416","0","0","1"
"1417","0","0","1"
"1418","0","0","1"
"1419","0","0","1"
"1420","0","0","1"
"1421","0","1","1"
"1422","0","1","1"
"1423","0","1","1"
"1424","0","1","1"
"1425","0","1","1"
"1426","0","0","0"
"1427","1","1","0"
"1428","0","1","0"
"1429","0","1","0"
"1430","0","1","0"
"1431","0","1","0"
"1432","0","1","1"
"1433","0","1","1"
"1434","0","1","1"
"1435","0","1","1"
"1436","0","1","1"
"1437","0","1","1"
"1438","0","1","1"
"1439","0","1","1"
"1440","0","1","0"
"1441","0","1","0"
"1442","0","1","1"
"1443","0","1","1"
"1444","0","1","1"
"1445","0","1","1"
"1446","1","1","0"
"1447","0","0","0"
"1448","0","0","0"
"1449","0","0","0"
"1450","0","0","0"
"1451","0","0","0"
"1452","0","1","0"
"1453","0","1","0"
"1454","0","1","0"
"1455","0","1","0"
"1456","0","1","0"
"1457","0","0","0"
"1458","0","1","0"
"1459","0","1","0"
"1460","1","1","1"
"1461","1","1","1"
"1462","1","1","1"
"1463","1","1","0"
"1464","1","1","0"
"1465","1","1","0"
"1466","0","1","1"
"1467","0","1","1"
"1468","0","1","1"
"1469","1","1","0"
"1470","1","1","0"
"1471","0","1","0"
"1472","0","1","0"
"1473","1","1","0"
"1474","1","1","0"
"1475","1","1","0"
"1476","0","1","0"
"1477","0","1","0"
"1478","1","1","1"
"1479","1","1","1"
"1480","1","1","1"
"1481","1","1","1"
"1482","0","1","0"
"1483","0","1","0"
"1484","0","1","0"
"1485","0","1","0"
"1486","0","1","0"
"1487","0","1","0"
"1488","0","1","0"
"1489","1","1","0"
"1490","1","1","0"
"1491","1","1","0"
"1492","1","1","0"
"1493","1","1","0"
"1494","1","1","0"
"1495","1","1","0"
"1496","1","1","0"
"1497","1","1","1"
"1498","1","1","1"
"1499","1","1","1"
"1500","1","1","1"
"1501","0","1","0"
"1502","0","1","0"
"1503","1","1","0"
"1504","0","1","0"
"1505","0","1","0"
"1506","1","1","1"
"1507","1","1","1"
"1508","1","1","1"
"1509","1","1","1"
"1510","0","1","0"
"1511","0","1","0"
"1512","0","1","0"
"1513","0","1","0"
"1514","0","1","0"
"1515","0","1","0"
"1516","0","1","0"
"1517","0","1","0"
"1518","0","1","0"
"1519","0","1","0"
"1520","0","1","0"
"1521","0","1","0"
"1522","0","1","0"
"1523","0","1","0"
"1524","1","1","1"
"1525","1","1","1"
"1526","1","1","1"
"1527","1","1","1"
"1528","1","1","1"
"1529","1","1","1"
"1530","1","1","1"
"1531","1","1","0"
"1532","1","1","0"
"1533","1","1","1"
"1534","1","1","1"
"1535","1","1","0"
"1536","0","1","0"
"1537","1","1","0"
"1538","1","1","0"
"1539","1","1","0"
"1540","0","1","0"
"1541","1","1","0"
"1542","2","1","0"
"1543","2","1","0"
"1544","1","1","0"
"1545","1","1","0"
"1546","0","1","0"
"1547","0","1","0"
"1548","0","1","0"
"1549","0","1","0"
"1550","0","1","1"
"1551","0","1","1"
"1552","0","1","0"
"1553","1","1","0"
"1554","0","1","1"
"1555","2","1","1"
"1556","1","1","0"
"1557","0","1","0"
"1558","0","1","0"
"1559","0","1","0"
"1560","0","1","0"
"1561","0","1","0"
"1562","0","1","0"
"1563","0","1","0"
"1564","0","1","0"
"1565","0","1","1"
"1566","0","1","1"
"1567","0","1","1"
"1568","0","1","1"
"1569","1","1","1"
"1570","1","1","0"
"1571","0","1","0"
"1572","0","1","0"
"1573","0","1","0"
"1574","1","1","0"
"1575","0","1","0"
"1576","1","1","0"
"1577","0","1","0"
"1578","0","1","0"
"1579","0","1","1"
"1580","0","1","1"
"1581","1","1","0"
"1582","1","1","0"
"1583","0","1","0"
"1584","0","1","0"
"1585","0","1","1"
"1586","1","1","0"
"1587","0","1","0"
"1588","1","1","1"
"1589","1","1","1"
"1590","0","1","0"
"1591","0","1","0"
"1592","0","1","0"
"1593","0","1","0"
"1594","1","1","0"
"1595","1","1","0"
"1596","1","1","0"
"1597","1","1","0"
"1598","1","1","0"
"1599","1","1","0"
"1600","0","1","0"
"1601","0","1","0"
"1602","0","1","0"
"1603","0","1","0"
"1604","0","1","0"
"1605","0","1","0"
"1606","1","1","1"
"1607","1","1","1"
"1608","1","1","1"
"1609","1","1","1"
"1610","1","1","1"
"1611","1","1","1"
"1612","0","1","1"
"1613","1","1","0"
"1614","0","1","0"
"1615","0","1","0"
"1616","0","1","0"
"1617","0","0","0"
"1618","0","1","0"
"1619","0","1","1"
"1620","0","1","0"
"1621","0","1","0"
"1622","0","1","0"
"1623","0","1","0"
"1624","0","1","0"
"1625","0","1","0"
"1626","0","1","0"
"1627","0","1","0"
"1628","0","1","0"
"1629","0","1","0"
"1630","0","1","0"
"1631","0","1","0"
"1632","0","1","0"
"1633","0","1","0"
"1634","1","1","1"
"1635","1","1","1"
"1636","1","1","1"
"1637","1","1","1"
"1638","1","1","1"
"1639","1","1","1"
"1640","1","1","1"
"1641","1","1","0"
"1642","1","1","0"
"1643","0","1","0"
"1644","0","1","0"
"1645","1","1","0"
"1646","1","1","0"
"1647","1","1","0"
"1648","1","1","0"
"1649","0","1","0"
"1650","0","1","0"
"1651","0","1","0"
"1652","0","1","0"
"1653","1","1","2"
"1654","1","1","2"
"1655","1","1","2"
"1656","1","1","2"
"1657","1","1","0"
"1658","0","1","1"
"1659","0","1","1"
"1660","0","1","1"
"1661","0","1","0"
"1662","0","1","0"
"1663","0","1","0"
"1664","1","1","0"
"1665","1","1","0"
"1666","0","1","0"
"1667","0","1","0"
"1668","0","1","0"
"1669","0","1","0"
"1670","0","1","0"
"1671","0","1","0"
"1672","0","1","0"
"1673","0","1","0"
"1674","1","1","1"
"1675","1","1","1"
"1676","1","1","1"
"1677","1","1","1"
"1678","0","1","0"
"1679","0","1","0"
"1680","0","1","0"
"1681","0","1","0"
"1682","0","1","0"
"1683","0","1","0"
"1684","0","1","0"
"1685","0","1","0"
"1686","0","1","0"
"1687","0","1","0"
"1688","1","1","0"
"1689","0","1","0"
"1690","0","1","0"
"1691","0","1","0"
"1692","0","1","0"
"1693","0","1","0"
"1694","0","1","0"
"1695","0","1","0"
"1696","0","1","0"
"1697","0","1","1"
"1698","0","1","1"
"1699","0","1","1"
"1700","0","1","1"
"1701","0","1","1"
"1702","0","1","0"
"1703","0","0","0"
"1704","0","0","0"
"1705","0","0","0"
"1706","0","0","0"
"1707","0","0","0"
"1708","0","0","0"
"1709","0","0","0"
"1710","0","0","0"
"1711","0","0","0"
"1712","0","0","0"
"1713","0","0","0"
"1714","0","0","0"
"1715","0","1","0"
"1716","0","1","0"
"1717","1","1","1"
"1718","0","1","0"
"1719","0","1","0"
"1720","0","1","0"
"1721","0","1","0"
"1722","0","1","0"
"1723","0","1","0"
"1724","0","1","1"
"1725","1","1","1"
"1726","0","1","0"
"1727","0","1","0"
"1728","0","1","0"
"1729","0","1","0"
"1730","0","1","0"
"1731","0","1","0"
"1732","0","1","0"
"1733","0","1","0"
"1734","0","0","1"
"1735","0","0","1"
"1736","0","0","1"
"1737","0","0","1"
"1738","0","0","1"
"1739","0","0","1"
"1740","0","0","1"
"1741","0","1","0"
"1742","0","1","0"
"1743","0","1","0"
"1744","0","1","0"
"1745","0","1","0"
"1746","0","1","0"
"1747","0","1","0"
"1748","1","1","0"
"1749","0","1","1"
"1750","0","1","0"
"1751","0","1","1"
"1752","1","1","0"
"1753","1","1","1"
"1754","0","1","0"
"1755","0","1","0"
"1756","1","1","0"
"1757","0","1","0"
"1758","0","1","0"
"1759","0","1","0"
"1760","0","1","0"
"1761","0","1","1"
"1762","0","1","1"
"1763","0","1","1"
"1764","0","1","1"
"1765","1","1","1"
"1766","1","1","1"
"1767","1","1","1"
"1768","1","1","1"
"1769","0","0","0"
"1770","0","0","0"
"1771","0","1","0"
"1772","1","1","0"
"1773","0","1","0"
"1774","0","1","0"
"1775","0","1","0"
"1776","0","1","0"
"1777","0","1","1"
"1778","0","1","1"
"1779","0","1","0"
"1780","1","1","0"
"1781","0","1","0"
"1782","0","1","0"
"1783","0","1","0"
"1784","0","1","1"
"1785","0","1","1"
"1786","0","1","1"
"1787","0","1","0"
"1788","0","1","0"
"1789","0","1","0"
"1790","0","1","0"
"1791","0","1","0"
"1792","0","1","0"
"1793","0","1","1"
"1794","0","1","1"
"1795","0","1","1"
"1796","0","1","1"
"1797","0","1","1"
"1798","0","1","0"
"1799","0","1","0"
"1800","0","1","0"
"1801","0","1","0"
"1802","1","1","1"
"1803","1","1","1"
"1804","0","1","0"
"1805","0","1","0"
"1806","0","1","0"
"1807","0","1","0"
"1808","0","1","0"
"1809","0","1","1"
"1810","0","1","0"
"1811","0","1","0"
"1812","0","1","0"
"1813","1","1","0"
"1814","0","1","1"
"1815","0","1","0"
"1816","0","1","1"
"1817","1","1","1"
"1818","1","1","1"
"1819","0","1","1"
"1820","0","1","1"
"1821","0","1","1"
"1822","0","1","1"
"1823","1","1","1"
"1824","0","1","1"
"1825","0","1","1"
"1826","0","1","0"
"1827","1","1","1"
"1828","0","1","0"
"1829","0","1","0"
"1830","0","1","0"
"1831","0","1","0"
"1832","0","1","0"
"1833","0","1","0"
"1834","0","1","0"
"1835","0","1","0"
"1836","0","1","0"
"1837","0","1","0"
"1838","0","1","0"
"1839","0","1","0"
"1840","0","1","1"
"1841","0","1","1"
"1842","1","1","1"
"1843","0","1","1"
"1844","0","1","1"
"1845","0","1","1"
"1846","0","1","0"
"1847","0","0","0"
"1848","0","0","0"
"1849","0","0","0"
"1850","0","0","0"
"1851","0","0","0"
"1852","0","0","0"
"1853","0","0","0"
"1854","0","0","0"
"1855","0","0","0"
"1856","0","0","0"
"1857","0","0","0"
"1858","0","0","0"
"1859","0","0","0"
"1860","0","1","0"
"1861","0","1","0"
"1862","0","1","0"
"1863","0","1","0"
"1864","0","1","0"
"1865","0","1","0"
"1866","0","0","0"
"1867","0","0","0"
"1868","0","1","1"
"1869","0","1","1"
"1870","0","1","1"
"1871","0","1","1"
"1872","0","1","1"
"1873","0","1","1"
"1874","0","1","1"
"1875","0","1","1"
"1876","0","1","1"
"1877","0","1","1"
"1878","0","1","0"
"1879","0","1","1"
"1880","0","1","1"
"1881","0","1","1"
"1882","0","1","0"
"1883","0","1","0"
"1884","0","1","0"
"1885","0","1","1"
"1886","0","1","1"
"1887","0","1","1"
"1888","1","1","1"
"1889","0","1","1"
"1890","0","1","1"
"1891","0","1","1"
"1892","0","1","0"
"1893","0","1","0"
"1894","0","1","0"
"1895","0","1","0"
"1896","0","1","0"
"1897","0","1","0"
"1898","0","1","1"
"1899","0","1","1"
"1900","0","1","1"
"1901","0","1","1"
"1902","0","0","0"
"1903","0","0","0"
"1904","0","0","0"
"1905","0","0","0"
"1906","0","1","0"
"1907","0","1","1"
"1908","0","1","0"
"1909","0","1","1"
"1910","0","1","0"
"1911","0","1","0"
"1912","0","1","0"
"1913","0","1","0"
"1914","0","1","0"
"1915","0","0","1"
"1916","0","0","1"
"1917","0","0","1"
"1918","0","0","1"
"1919","0","0","1"
"1920","0","1","1"
"1921","0","1","1"
"1922","0","1","1"
"1923","0","1","1"
"1924","0","1","1"
"1925","0","1","1"
"1926","0","1","0"
"1927","0","1","1"
"1928","0","1","1"
"1929","0","1","1"
"1930","0","1","0"
"1931","0","1","0"
"1932","0","1","0"
"1933","0","1","0"
"1934","0","1","0"
"1935","0","1","0"
"1936","0","1","1"
"1937","0","1","1"
"1938","0","1","0"
"1939","0","1","0"
"1940","0","1","0"
"1941","0","1","0"
"1942","0","1","0"
"1943","0","1","0"
"1944","0","1","0"
"1945","0","1","0"
"1946","0","1","0"
"1947","0","1","1"
"1948","0","1","1"
"1949","0","1","1"
"1950","0","1","0"
"1951","0","1","0"
"1952","0","1","0"
"1953","0","0","0"
"1954","0","1","0"
"1955","1","1","0"
"1956","1","1","1"
"1957","0","1","0"
"1958","0","1","1"
"1959","2","1","1"
"1960","2","1","1"
"1961","0","1","0"
"1962","0","1","0"
"1963","1","1","1"
"1964","1","1","1"
"1965","1","1","0"
"1966","1","1","0"
"1967","1","1","0"
"1968","1","1","0"
"1969","0","1","1"
"1970","0","1","1"
"1971","0","1","1"
"1972","0","1","1"
"1973","1","1","1"
"1974","1","1","1"
"1975","1","1","1"
"1976","1","1","1"
"1977","0","1","0"
"1978","0","1","0"
"1979","1","1","1"
"1980","1","1","0"
"1981","1","1","0"
"1982","1","1","0"
"1983","0","1","1"
"1984","0","1","1"
"1985","0","1","1"
"1986","1","1","1"
"1987","1","1","1"
"1988","1","1","1"
"1989","1","1","1"
"1990","0","1","1"
"1991","1","1","1"
"1992","0","1","0"
"1993","0","1","0"
"1994","0","1","0"
"1995","0","1","0"
"1996","0","0","0"
"1997","0","0","0"
"1998","0","0","0"
"1999","0","0","0"
"2000","1","1","1"
"2001","1","1","0"
"2002","1","1","0"
"2003","1","1","0"
"2004","1","1","0"
"2005","1","1","0"
"2006","0","1","1"
"2007","0","1","1"
"2008","0","1","1"
"2009","0","1","1"
"2010","0","1","1"
"2011","1","1","0"
"2012","2","1","0"
"2013","1","1","0"
"2014","1","1","0"
"2015","0","1","0"
"2016","1","1","1"
"2017","1","1","1"
"2018","1","1","1"
"2019","0","1","1"
"2020","0","1","1"
"2021","0","1","1"
"2022","1","1","1"
"2023","1","1","1"
"2024","1","1","1"
"2025","0","1","0"
"2026","0","1","1"
"2027","1","1","0"
"2028","1","1","0"
"2029","1","1","0"
"2030","1","1","0"
"2031","1","1","0"
"2032","0","1","1"
"2033","0","1","1"
"2034","0","1","1"
"2035","0","1","1"
"2036","0","1","1"
"2037","1","1","1"
"2038","1","1","1"
"2039","1","1","1"
"2040","1","1","1"
"2041","1","1","1"
"2042","1","1","1"
"2043","0","1","1"
"2044","1","1","1"
"2045","0","1","0"
"2046","2","1","1"
"2047","1","1","0"
"2048","1","1","0"
"2049","1","1","0"
"2050","1","1","0"
"2051","1","1","0"
"2052","1","1","0"
"2053","0","1","1"
"2054","0","1","1"
"2055","0","1","1"
"2056","0","1","1"
"2057","0","1","1"
"2058","1","1","1"
"2059","1","1","1"
"2060","1","1","1"
"2061","1","1","1"
"2062","1","1","1"
"2063","1","1","1"
"2064","1","1","0"
"2065","1","1","0"
"2066","0","1","1"
"2067","1","1","1"
"2068","1","1","0"
"2069","1","1","0"
"2070","1","1","0"
"2071","1","1","0"
"2072","0","1","0"
"2073","1","1","0"
"2074","2","1","0"
"2075","0","1","1"
"2076","1","1","1"
"2077","2","1","1"
"2078","0","1","0"
"2079","2","1","1"
"2080","0","1","1"
"2081","1","1","1"
"2082","1","1","1"
"2083","0","1","1"
"2084","1","1","1"
"2085","1","1","1"
"2086","1","1","1"
"2087","1","1","1"
"2088","1","1","1"
"2089","1","1","1"
"2090","0","1","1"
"2091","0","1","1"
"2092","0","1","1"
"2093","1","1","1"
"2094","1","1","1"
"2095","1","1","1"
"2096","1","1","1"
"2097","1","1","1"
"2098","1","1","1"
"2099","0","0","1"
"2100","0","0","1"
"2101","0","0","1"
"2102","0","0","1"
"2103","0","0","1"
"2104","0","0","1"
"2105","1","1","1"
"2106","1","1","1"
"2107","1","1","1"
"2108","1","1","1"
"2109","1","1","1"
"2110","1","1","1"
"2111","0","0","0"
"2112","0","1","1"
"2113","1","1","1"
"2114","1","1","1"
"2115","1","1","1"
"2116","2","2","1"
"2117","0","1","1"
"2118","0","1","1"
"2119","0","1","1"
"2120","0","1","1"
"2121","0","1","1"
"2122","0","1","1"
"2123","0","1","1"
"2124","0","1","1"
"2125","0","1","1"
"2126","0","1","1"
"2127","0","1","1"
"2128","1","1","1"
"2129","1","1","1"
"2130","1","1","1"
"2131","1","1","1"
"2132","1","1","1"
"2133","1","1","1"
"2134","0","1","1"
"2135","1","1","1"
"2136","1","1","1"
"2137","0","1","0"
"2138","0","1","0"
"2139","0","1","1"
"2140","0","1","1"
"2141","0","1","1"
"2142","0","1","1"
"2143","0","1","1"
"2144","0","1","1"
"2145","1","1","1"
"2146","0","1","0"
"2147","1","1","1"
"2148","1","1","2"
"2149","0","1","1"
"2150","1","1","1"
"2151","1","1","1"
"2152","0","1","0"
"2153","0","1","1"
"2154","0","1","1"
"2155","1","1","1"
"2156","0","1","1"
"2157","1","1","1"
"2158","1","1","1"
"2159","1","1","1"
"2160","1","1","1"
"2161","2","2","1"
"2162","1","1","1"
"2163","0","1","1"
"2164","0","1","1"
"2165","0","1","1"
"2166","0","1","1"
"2167","0","1","1"
"2168","1","1","1"
"2169","1","1","1"
"2170","0","1","1"
"2171","0","1","1"
"2172","1","1","2"
"2173","1","1","2"
"2174","1","1","1"
"2175","0","1","1"
"2176","0","1","0"
"2177","0","1","0"
"2178","0","1","0"
"2179","0","1","0"
"2180","0","1","0"
"2181","0","1","0"
"2182","0","1","0"
"2183","0","1","0"
"2184","0","1","0"
"2185","0","1","0"
"2186","0","1","0"
"2187","0","1","0"
"2188","0","1","0"
"2189","0","1","1"
"2190","0","1","1"
"2191","0","1","1"
"2192","0","1","1"
"2193","0","1","1"
"2194","0","1","1"
"2195","0","1","1"
"2196","0","1","0"
"2197","0","1","0"
"2198","0","1","0"
"2199","0","1","0"
"2200","0","1","0"
"2201","0","1","0"
"2202","0","1","0"
"2203","0","1","0"
"2204","0","1","0"
"2205","0","1","0"
"2206","0","1","0"
"2207","0","1","0"
"2208","0","1","0"
"2209","0","1","0"
"2210","0","1","1"
"2211","0","1","1"
"2212","0","1","1"
"2213","0","1","1"
"2214","0","1","1"
"2215","0","1","1"
"2216","0","1","1"
"2217","0","1","0"
"2218","0","1","0"
"2219","0","1","0"
"2220","0","1","0"
"2221","0","1","0"
"2222","0","1","0"
"2223","0","1","0"
"2224","0","1","1"
"2225","0","1","1"
"2226","0","1","1"
"2227","0","1","1"
"2228","0","1","1"
"2229","0","1","1"
"2230","1","1","1"
"2231","0","1","0"
"2232","0","1","1"
"2233","1","1","1"
"2234","0","1","0"
"2235","0","1","0"
"2236","0","1","0"
"2237","0","1","0"
"2238","0","1","1"
"2239","0","1","1"
"2240","0","1","1"
"2241","0","1","1"
"2242","0","1","1"
"2243","0","1","1"
"2244","0","1","1"
"2245","0","1","1"
"2246","0","1","0"
"2247","1","1","0"
"2248","0","1","0"
"2249","0","1","1"
"2250","0","1","1"
"2251","1","1","0"
"2252","1","1","1"
"2253","0","1","0"
"2254","0","1","1"
"2255","0","1","0"
"2256","0","1","0"
"2257","0","1","0"
"2258","0","1","0"
"2259","0","1","0"
"2260","0","1","0"
"2261","0","1","0"
"2262","0","1","0"
"2263","1","1","0"
"2264","0","1","1"
"2265","0","1","1"
"2266","1","1","1"
"2267","0","1","1"
"2268","0","1","1"
"2269","0","1","1"
"2270","1","1","1"
"2271","0","1","1"
"2272","0","1","1"
"2273","0","1","1"
"2274","0","1","0"
"2275","1","1","1"
"2276","0","1","0"
"2277","0","1","1"
"2278","1","1","1"
"2279","0","1","1"
"2280","0","1","1"
"2281","0","1","1"
"2282","1","1","1"
"2283","0","1","0"
"2284","0","1","1"
"2285","1","1","1"
"2286","0","1","1"
"2287","0","1","0"
"2288","0","1","0"
"2289","0","1","0"
"2290","0","1","1"
"2291","0","0","0"
"2292","0","0","0"
"2293","0","0","0"
"2294","0","0","0"
"2295","0","0","0"
"2296","0","0","0"
"2297","0","0","0"
"2298","0","0","0"
"2299","0","0","0"
"2300","0","1","0"
"2301","0","1","0"
"2302","0","1","0"
"2303","0","1","0"
"2304","0","1","0"
"2305","0","1","0"
"2306","0","0","0"
"2307","0","0","0"
"2308","0","0","0"
"2309","0","0","0"
"2310","0","0","0"
"2311","0","0","0"
"2312","0","1","1"
"2313","0","1","1"
"2314","0","1","1"
"2315","0","1","1"
"2316","0","1","1"
"2317","0","1","1"
"2318","0","0","0"
"2319","0","1","0"
"2320","0","0","1"
"2321","0","0","1"
"2322","0","0","1"
"2323","0","0","0"
"2324","0","0","0"
"2325","0","0","0"
"2326","0","1","1"
"2327","0","1","1"
"2328","0","1","1"
"2329","0","0","0"
"2330","0","0","0"
"2331","0","0","0"
"2332","0","0","0"
"2333","0","0","0"
"2334","0","0","0"
"2335","0","0","0"
"2336","0","0","0"
"2337","0","0","0"
"2338","0","0","0"
"2339","0","0","0"
"2340","0","0","0"
"2341","0","0","0"
"2342","0","0","0"
"2343","0","0","0"
"2344","0","1","0"
"2345","0","0","0"
"2346","0","0","0"
"2347","0","0","0"
"2348","0","0","0"
"2349","0","0","0"
"2350","0","0","0"
"2351","0","0","0"
"2352","0","0","0"
"2353","0","0","0"
"2354","0","0","0"
"2355","0","0","0"
"2356","0","0","0"
"2357","0","0","0"
"2358","0","0","0"
"2359","0","0","0"
"2360","0","0","0"
"2361","0","0","0"
"2362","0","0","0"
"2363","0","0","0"
"2364","0","0","0"
"2365","0","1","1"
"2366","0","1","1"
"2367","0","1","1"
"2368","0","1","1"
"2369","0","1","1"
"2370","0","1","1"
"2371","0","1","1"
"2372","0","0","0"
"2373","0","0","0"
"2374","0","0","0"
"2375","0","0","0"
"2376","0","0","0"
"2377","0","0","0"
"2378","0","0","0"
"2379","0","0","0"
"2380","0","0","0"
"2381","0","0","0"
"2382","0","0","0"
"2383","0","0","0"
"2384","0","0","0"
"2385","0","0","0"
"2386","0","0","0"
"2387","0","0","0"
"2388","0","1","0"
"2389","0","1","0"
"2390","0","1","0"
"2391","0","1","0"
"2392","0","1","0"
"2393","0","1","0"
"2394","0","1","0"
"2395","0","0","0"
"2396","0","1","0"
"2397","0","1","0"
"2398","0","1","0"
"2399","0","1","0"
"2400","0","1","0"
"2401","0","1","0"
"2402","0","0","0"
"2403","0","0","0"
"2404","0","0","0"
"2405","0","0","0"
"2406","0","0","0"
"2407","0","0","0"
"2408","0","1","0"
"2409","0","0","0"
"2410","0","0","0"
"2411","0","0","0"
"2412","0","0","0"
"2413","0","0","0"
"2414","0","0","1"
"2415","0","0","1"
"2416","0","0","1"
"2417","0","0","1"
"2418","0","0","1"
"2419","0","0","0"
"2420","0","0","0"
"2421","0","0","0"
"2422","0","0","0"
"2423","0","0","0"
"2424","0","0","0"
"2425","0","0","0"
"2426","0","0","0"
"2427","0","0","0"
"2428","0","0","0"
"2429","0","0","0"
"2430","0","0","0"
"2431","0","0","0"
"2432","0","0","0"
"2433","0","1","1"
"2434","0","1","1"
"2435","0","1","1"
"2436","0","1","1"
"2437","0","1","1"
"2438","0","1","1"
"2439","0","1","1"
"2440","0","0","0"
"2441","0","0","0"
"2442","0","1","0"
"2443","0","1","0"
"2444","0","1","0"
"2445","0","1","0"
"2446","0","1","0"
"2447","0","1","0"
"2448","0","1","0"
"2449","0","1","0"
"2450","0","1","0"
"2451","0","1","0"
"2452","0","1","0"
"2453","0","1","0"
"2454","0","1","0"
"2455","0","1","0"
"2456","0","1","0"
"2457","0","1","0"
"2458","0","1","0"
"2459","0","1","0"
"2460","0","1","0"
"2461","0","1","0"
"2462","0","1","0"
"2463","0","1","0"
"2464","0","1","0"
"2465","0","1","0"
"2466","0","1","0"
"2467","0","1","0"
"2468","0","1","0"
"2469","0","1","0"
"2470","0","1","0"
"2471","0","1","0"
"2472","0","1","1"
"2473","0","1","1"
"2474","0","1","1"
"2475","0","1","1"
"2476","0","1","1"
"2477","0","1","1"
"2478","0","1","1"
"2479","0","1","1"
"2480","0","0","0"
"2481","0","0","0"
"2482","0","0","1"
"2483","0","0","1"
"2484","0","0","1"
"2485","0","0","1"
"2486","0","0","1"
"2487","0","0","0"
"2488","0","0","0"
"2489","0","0","0"
"2490","0","0","0"
"2491","0","0","0"
"2492","0","0","0"
"2493","0","0","1"
"2494","0","0","1"
"2495","0","0","1"
"2496","0","0","1"
"2497","0","0","0"
"2498","0","0","0"
"2499","0","0","0"
"2500","0","0","0"
"2501","0","0","0"
"2502","0","1","0"
"2503","0","1","0"
"2504","0","1","0"
"2505","0","1","0"
"2506","0","1","0"
"2507","0","1","0"
"2508","0","1","0"
"2509","0","0","0"
"2510","0","0","0"
"2511","0","0","0"
"2512","0","0","0"
"2513","0","0","0"
"2514","0","0","0"
"2515","0","0","0"
"2516","0","1","1"
"2517","0","1","1"
"2518","0","1","1"
"2519","0","1","1"
"2520","0","1","1"
"2521","0","1","1"
"2522","0","1","1"
"2523","0","0","0"
"2524","0","0","0"
"2525","0","0","0"
"2526","0","0","0"
"2527","0","0","0"
"2528","0","0","0"
"2529","0","0","0"
"2530","0","0","0"
"2531","0","0","0"
"2532","0","1","0"
"2533","0","1","0"
"2534","0","1","0"
"2535","0","1","0"
"2536","0","1","0"
"2537","0","1","0"
"2538","0","1","0"
"2539","0","1","0"
"2540","0","0","0"
"2541","0","0","0"
"2542","0","0","0"
"2543","0","0","0"
"2544","0","0","0"
"2545","0","0","0"
"2546","0","0","0"
"2547","0","0","0"
"2548","0","1","0"
"2549","0","1","0"
"2550","0","1","0"
"2551","0","1","0"
"2552","0","1","0"
"2553","0","1","0"
"2554","0","1","0"
"2555","0","1","0"
"2556","0","1","0"
"2557","0","1","0"
"2558","0","1","0"
"2559","0","0","1"
"2560","0","0","1"
"2561","0","0","1"
"2562","0","0","1"
"2563","0","1","0"
"2564","0","1","0"
"2565","0","1","0"
"2566","0","1","0"
"2567","0","0","0"
"2568","0","0","0"
"2569","0","0","0"
"2570","0","0","0"
"2571","0","0","0"
"2572","0","0","0"
"2573","0","0","0"
"2574","0","0","0"
"2575","0","0","0"
"2576","0","0","0"
"2577","0","0","0"
"2578","0","0","0"
"2579","0","0","0"
"2580","0","0","0"
"2581","0","0","0"
"2582","0","0","0"
"2583","0","1","0"
"2584","0","1","0"
"2585","0","1","0"
"2586","0","1","0"
"2587","0","1","0"
"2588","0","1","0"
"2589","0","1","0"
"2590","0","1","0"
"2591","0","0","0"
"2592","0","0","0"
"2593","0","0","0"
"2594","0","0","0"
"2595","0","0","0"
"2596","0","0","0"
"2597","0","0","0"
"2598","0","1","1"
"2599","0","1","1"
"2600","0","1","1"
"2601","0","1","1"
"2602","0","1","1"
"2603","0","1","1"
"2604","0","1","1"
"2605","0","1","1"
"2606","0","1","1"
"2607","0","1","1"
"2608","0","1","0"
"2609","0","1","0"
"2610","0","1","0"
"2611","0","1","0"
"2612","0","0","1"
"2613","0","0","1"
"2614","0","0","1"
"2615","0","0","1"
"2616","0","1","1"
"2617","0","1","1"
"2618","0","1","1"
"2619","0","1","1"
